login,name,company,location,email,hireable,bio,public_repos,followers,following,created_at
mosh-hamedani,,,Melbourne,,False,,0,0,0,
TheCherno,,,Melbourne,,False,,0,0,0,
haileys,,,Melbourne,,False,,0,0,0,
rstacruz,,,Melbourne,,False,,0,0,0,
jesseduffield,,,Melbourne,,False,,0,0,0,
basarat,,,Melbourne,,False,,0,0,0,
markdalgleish,,,Melbourne,,False,,0,0,0,
JakeLin,,,Melbourne,,False,,0,0,0,
binarythistle,,,Melbourne,,False,,0,0,0,
radar,,,Melbourne,,False,,0,0,0,
mishmanners,,,Melbourne,,False,,0,0,0,
timacdonald,,,Melbourne,,False,,0,0,0,
TuPayChain,,,Melbourne,,False,,0,0,0,
md-5,,,Melbourne,,False,,0,0,0,
thomasdavis,,,Melbourne,,False,,0,0,0,
geelen,,,Melbourne,,False,,0,0,0,
MugunthKumar,,,Melbourne,,False,,0,0,0,
tseemann,,,Melbourne,,False,,0,0,0,
loftwah,,,Melbourne,,False,,0,0,0,
rogerclarkmelbourne,,,Melbourne,,False,,0,0,0,
jxom,,,Melbourne,,False,,0,0,0,
rrwick,,,Melbourne,,False,,0,0,0,
abruzzi,,,Melbourne,,False,,0,0,0,
kitsonk,,,Melbourne,,False,,0,0,0,
mattgallagher,,,Melbourne,,False,,0,0,0,
sidorares,,,Melbourne,,False,,0,0,0,
benschwarz,,,Melbourne,,False,,0,0,0,
philnash,,,Melbourne,,False,,0,0,0,
Viralmaniar,,,Melbourne,,False,,0,0,0,
iancoleman,,,Melbourne,,False,,0,0,0,
